Rede,Nós,Links,Links (completo),Densidade,Grau médio <k>,Nº componentes conexos,Distância média <d> (maior comp.),Diâmetro (maior comp.),Coef. Agrupamento Médio,Coef. Agrupamento Global,Nº pontos de articulação,Nº arestas-ponte,Valor da rede (Metcalfe),Pesquisadores sem coautoria interna
Geral (maior componente),2987,10432,4459591,0.0023,6.9849,1,5.034,13,0.6955,0.2569,268,350,8922169,
IEM,179,593,15931,0.0372,6.6257,7,3.7581,8,0.7057,0.4567,16,15,32041,20.0
IEPG,133,467,8778,0.0532,7.0226,4,3.047,7,0.5508,0.3307,11,16,17689,2.0
IESTI,91,178,4095,0.0435,3.9121,6,3.2852,7,0.63,0.4299,12,13,8281,5.0
IFQ,223,627,24753,0.0253,5.6233,9,4.134,9,0.7155,0.4362,21,17,49729,10.0
IMC,74,114,2701,0.0422,3.0811,7,2.973,5,0.4524,0.3133,12,22,5476,13.0
IRN,228,787,25878,0.0304,6.9035,4,3.7464,8,0.6355,0.3756,21,29,51984,20.0
ISEE,132,422,8646,0.0488,6.3939,4,2.933,7,0.6868,0.3305,7,11,17424,6.0
IEI,52,127,1326,0.0958,4.8846,3,3.4709,7,0.7319,0.5139,4,1,2704,16.0
